Department,Municipality,Total 2018,Housing units 2018,Households 2018,People 2018
Antioquia,Medellín,2427129,892151,815493,2372330
Antioquia,Abejorral,20367,8511,6028,17599
Antioquia,Abriaquí,2695,1056,776,2159
Antioquia,Alejandría,4657,2155,1384,3839
Antioquia,Amagá,30227,11638,8884,26821
Antioquia,Amalfi,25962,8629,6798,20265
Antioquia,Andes,43269,14552,12242,38144
Antioquia,Angelópolis,5756,2336,1722,5027
Antioquia,Angostura,11437,4163,3316,10500
Antioquia,Anorí,18321,6550,4741,14502
Antioquia,Santafé de Antioquia,26164,11596,8083,23216
Antioquia,Anza,7010,2972,2113,6388
Antioquia,Apartadó,121003,40234,36056,113469
Antioquia,Arboletes,29295,8442,7700,26289
Antioquia,Argelia,7689,3279,2266,6752
Antioquia,Armenia,5139,2085,1577,3819
Antioquia,Barbosa,51969,19220,16130,44757
Antioquia,Belmira,6000,2295,1563,5349
Antioquia,Bello,522264,175988,161647,481901
Antioquia,Betania,10323,3656,2663,8589
Antioquia,Betulia,15607,6633,4754,15097
Antioquia,Ciudad Bolívar,26118,9375,7495,23361
Antioquia,Briceño,8039,2646,2032,5946
Antioquia,Buriticá,9354,2851,2214,7409
Antioquia,Cáceres,28996,9432,7594,26460
Antioquia,Caicedo,8297,3135,2296,7018
Antioquia,Caldas,79638,26536,24476,76260
Antioquia,Campamento,9203,3095,2211,7432
Antioquia,Cañasgordas,15523,5354,4418,13595
Antioquia,Caracolí,4582,2099,1500,3967
Antioquia,Caramanta,4743,2076,1526,4269
Antioquia,Carepa,47932,16668,14029,45936
Antioquia,El Carmen de Viboral,59416,21854,16907,53949
Antioquia,Carolina,3954,1727,1297,3343
Antioquia,Caucasia,90213,30599,25315,84717
Antioquia,Chigorodó,57375,19561,16927,55564
Antioquia,Cisneros,9775,3950,3207,8910
Antioquia,Cocorná,15444,8536,5108,14743
Antioquia,Concepción,4797,2676,1404,3936
Antioquia,Concordia,21377,6885,5311,16095
Antioquia,Copacabana,77884,27641,25114,76479
Antioquia,Dabeiba,23044,7629,6544,22717
Antioquia,Don Matías,18902,6570,4719,14208
Antioquia,Ebéjico,12158,5348,3828,10338
Antioquia,El Bagre,51862,17054,13126,47642
Antioquia,Entrerrios,11159,3903,2799,8820
Antioquia,Envigado,228848,81472,74474,212437
Antioquia,Fredonia,24408,9147,6674,18790
Antioquia,Frontino,20739,7445,5963,20156
Antioquia,Giraldo,5544,2324,1685,5057
Antioquia,Girardota,51662,17815,15344,49045
Antioquia,Gómez Plata,9753,4473,2991,8235
Antioquia,Granada,10117,6405,3252,9204
Antioquia,Guadalupe,6560,2143,1856,5452
Antioquia,Guarne,55121,21120,13196,42500
Antioquia,Guatapé,8363,3676,2469,7038
Antioquia,Heliconia,5451,2613,1671,4709
Antioquia,Hispania,5469,2257,1716,4950
Antioquia,Itagui,276744,93601,85341,263332
Antioquia,Ituango,27074,7502,5634,23784
Antioquia,Jardín,14518,5521,4474,13541
Antioquia,Jericó,13640,5144,3843,11257
Antioquia,La Ceja,64889,22261,18138,59386
Antioquia,La Estrella,71545,24660,21998,67881
Antioquia,La Pintada,8114,3179,2669,7974
Antioquia,La Unión,21475,7481,6210,20769
Antioquia,Liborina,10028,4204,2588,7928
Antioquia,Maceo,8221,3469,2554,7297
Antioquia,Marinilla,64645,20714,18461,55230
Antioquia,Montebello,6680,3462,2052,5881
Antioquia,Murindó,4911,1257,1156,4642
Antioquia,Mutatá,13991,5022,3706,12607
Antioquia,Nariño,10153,4216,2858,8603
Antioquia,Necoclí,42281,13808,11583,38420
Antioquia,Nechí,25790,8114,7328,24066
Antioquia,Olaya,3127,1551,982,2719
Antioquia,Peñol,21049,10382,6120,18010
Antioquia,Peque,8097,3114,2138,7155
Antioquia,Pueblorrico,8664,3029,2366,7202
Antioquia,Puerto Berrío,39314,14837,12676,36801
Antioquia,Puerto Nare,14380,5772,4406,12161
Antioquia,Puerto Triunfo,18055,6055,5214,17231
Antioquia,Remedios,28415,9850,7241,22530
Antioquia,Retiro,23514,10013,7010,20700
Antioquia,Rionegro,135465,47448,39682,116400
Antioquia,Sabanalarga,9032,4327,2431,7833
Antioquia,Sabaneta,82375,34661,29595,81797
Antioquia,Salgar,18258,6309,5315,15782
Antioquia,San Andrés de Cuerquía,7235,2843,1974,6295
Antioquia,San Carlos,16247,7947,5328,14480
Antioquia,San Francisco,5648,2758,1818,5365
Antioquia,San Jerónimo,15361,8239,4277,13158
Antioquia,San José de La Montaña,3646,1255,965,2952
Antioquia,San Juan de Urabá,20093,6510,5805,19992
Antioquia,San Luis,12995,4605,3699,11120
Antioquia,San Pedro,21949,7858,5251,17119
Antioquia,San Pedro de Uraba,30932,9444,8433,30527
Antioquia,San Rafael,15698,6632,4416,12578
Antioquia,San Roque,21519,8607,6178,17792
Antioquia,San Vicente,22093,9636,5832,18051
Antioquia,Santa Bárbara,26784,10231,7548,22030
Antioquia,Santa Rosa de Osos,36318,13135,9217,31067
Antioquia,Santo Domingo,12394,5478,3312,9786
Antioquia,El Santuario,35422,11950,8923,30311
Antioquia,Segovia,37900,14191,10804,33690
Antioquia,Sonson,36321,14538,10077,31861
Antioquia,Sopetrán,15053,7930,4891,13748
Antioquia,Támesis,16281,6937,5262,15012
Antioquia,Tarazá,26964,10311,7207,22826
Antioquia,Tarso,6184,2358,1835,5663
Antioquia,Titiribí,10775,4064,2861,8316
Antioquia,Toledo,4993,2280,1601,4930
Antioquia,Turbo,124552,39450,32159,114434
Antioquia,Uramita,6888,2881,2087,6523
Antioquia,Urrao,30127,11102,9329,29004
Antioquia,Valdivia,13801,4662,3969,11511
Antioquia,Valparaíso,6498,2659,1942,5431
Antioquia,Vegachí,11810,4474,3598,11134
Antioquia,Venecia,11602,5029,3633,10280
Antioquia,Vigía del Fuerte,9093,2764,2299,8139
Antioquia,Yalí,7608,2600,2246,6234
Antioquia,Yarumal,41542,14112,11371,36337
Antioquia,Yolombó,22538,8684,6310,19010
Antioquia,Yondó,19040,7631,5469,17597
Antioquia,Zaragoza,24651,9307,7247,24067
Atlántico,Barranquilla,1206319,346988,304411,1120103
Atlántico,Baranoa,62382,16964,15862,61527
Atlántico,Campo de La Cruz,22879,6175,5492,22810
Atlántico,Candelaria,15982,3916,3823,15631
Atlántico,Galapa,60708,15780,15350,55123
Atlántico,Juan de Acosta,20999,5943,5230,18828
Atlántico,Luruaco,28175,7393,6992,27647
Atlántico,Malambo,128203,33064,29928,119920
Atlántico,Manatí,19808,4419,4745,19233
Atlántico,Palmar de Varela,28932,6878,7507,27098
Atlántico,Piojó,6608,1617,1535,5636
Atlántico,Polonuevo,18197,4437,4709,16222
Atlántico,Ponedera,23848,5699,5675,23420
Atlántico,Puerto Colombia,49264,15230,13006,47899
Atlántico,Repelón,26200,7088,6797,25467
Atlántico,Sabanagrande,32334,7894,7738,32026
Atlántico,Sabanalarga,93261,23620,22408,92480
Atlántico,Santa Lucía,16023,3347,3701,12650
Atlántico,Santo Tomás,29829,7540,7444,28693
Atlántico,Soledad,603999,147987,143217,535984
Atlántico,Suan,11940,2684,2924,11607
Atlántico,Tubará,17377,4456,3779,12718
Atlántico,Usiacurí,12250,2529,2850,9543
"Bogotá, D.C.","Bogotá, D.C.",7412566,2523519,2514482,7181469
Bolívar,Cartagena,973045,294494,260346,887946
Bolívar,Achí,24352,5968,5701,18879
Bolívar,Altos del Rosario,10972,2639,2397,9009
Bolívar,Arenal,7365,2368,2059,7169
Bolívar,Arjona,69503,19390,17411,67118
Bolívar,Arroyohondo,8254,1872,1710,8058
Bolívar,Barranco de Loba,14836,4577,3855,14435
Bolívar,Calamar,22474,6187,5554,22202
Bolívar,Cantagallo,8234,2753,2401,6874
Bolívar,Cicuco,13442,3629,3510,13120
Bolívar,Córdoba,15960,4611,4170,15012
Bolívar,Clemencia,14511,4154,3998,13821
Bolívar,El Carmen de Bolívar,70131,19511,18104,67461
Bolívar,El Guamo,8647,2483,2222,7861
Bolívar,El Peñón,7651,1954,2000,7234
Bolívar,Hatillo de Loba,12317,2992,2608,11770
Bolívar,Magangué,133270,37569,34050,128003
Bolívar,Mahates,27692,7511,7447,26075
Bolívar,Margarita,10673,2791,2787,9720
Bolívar,María La Baja,46112,12618,11610,45324
Bolívar,Montecristo,16389,4509,4292,13470
Bolívar,Mompós,44442,12876,11287,43217
Bolívar,Morales,22259,5806,6122,18678
Bolívar,Norosí,9212,2782,2526,7899
Bolívar,Pinillos,24218,5338,6329,23349
Bolívar,Regidor,6723,1866,1729,5335
Bolívar,Río Viejo ,10598,3072,2612,8125
Bolívar,San Cristóbal,8054,1970,2260,7454
Bolívar,San Estanislao,18251,4677,4983,16518
Bolívar,San Fernando,12536,2782,2881,9776
Bolívar,San Jacinto,23913,7361,6426,23576
Bolívar,San Jacinto del Cauca,9935,2662,2421,8079
Bolívar,San Juan Nepomuceno,36874,10598,9625,35438
Bolívar,San Martín de Loba,14774,4226,3634,14504
Bolívar,San Pablo,27190,9484,7194,24669
Bolívar,Santa Catalina,14563,4271,3684,14039
Bolívar,Santa Rosa,20963,5188,5292,18375
Bolívar,Santa Rosa del Sur,32646,8660,9732,27825
Bolívar,Simití,18110,5567,4447,15353
Bolívar,Soplaviento,10650,2496,2990,9187
Bolívar,Talaigua Nuevo,13108,3436,3332,12845
Bolívar,Tiquisio,18035,5440,4376,17939
Bolívar,Turbaco,105166,30456,27503,98667
Bolívar,Turbaná,16403,4455,4065,15550
Bolívar,Villanueva,23777,5504,6001,21135
Bolívar,Zambrano,11880,3385,3011,11367
Boyacá,Tunja,172548,64550,55679,167991
Boyacá,Almeida,1910,981,690,1582
Boyacá,Aquitania,15377,6702,4621,13860
Boyacá,Arcabuco,5831,2533,1820,5465
Boyacá,Belén,7481,3691,2463,7322
Boyacá,Berbeo,1596,680,575,1453
Boyacá,Betéitiva,1963,1512,748,1895
Boyacá,Boavita,5059,2629,1853,5024
Boyacá,Boyacá,5089,2963,1527,4472
Boyacá,Briceño,2198,1038,706,2054
Boyacá,Buenavista,4409,2272,1538,4240
Boyacá,Busbanzá,1118,456,321,903
Boyacá,Caldas,3143,1637,1029,3086
Boyacá,Campohermoso,3121,1379,1006,2705
Boyacá,Cerinza,3713,2415,1219,3636
Boyacá,Chinavita,3209,1961,1129,2842
Boyacá,Chiquinquirá,56054,20728,16310,52321
Boyacá,Chiscas,3994,2124,1299,3587
Boyacá,Chita,8045,4599,2654,7778
Boyacá,Chitaraque,5830,2352,1734,5013
Boyacá,Chivatá,2788,1091,836,2783
Boyacá,Ciénega,4635,2005,1511,4492
Boyacá,Cómbita,12970,4285,2913,12636
Boyacá,Coper,3619,1516,1188,3019
Boyacá,Corrales,2498,961,798,2479
Boyacá,Covarachía,2806,1543,899,2628
Boyacá,Cubará,10319,3224,2831,10164
Boyacá,Cucaita,3725,1436,1018,3375
Boyacá,Cuítiva,1798,1041,598,1628
Boyacá,Chíquiza,4684,1959,1346,4347
Boyacá,Chivor,2479,816,595,1669
Boyacá,Duitama,122436,47214,38704,117606
Boyacá,El Cocuy,4215,1973,1327,3999
Boyacá,El Espino,3061,1418,971,2715
Boyacá,Firavitoba,6662,3390,2172,6523
Boyacá,Floresta,3266,1997,1111,3186
Boyacá,Gachantivá,2789,1840,978,2744
Boyacá,Gameza,4850,2475,1450,4395
Boyacá,Garagoa,17932,7330,5189,14145
Boyacá,Guacamayas,1865,1063,675,1790
Boyacá,Guateque,10699,4407,3035,8123
Boyacá,Guayatá,3400,1839,1292,3112
Boyacá,Güicán,4279,1864,1420,3921
Boyacá,Iza,1947,928,709,1944
Boyacá,Jenesano,7200,4162,2159,6333
Boyacá,Jericó,3929,2042,1261,3540
Boyacá,Labranzagrande,3526,1556,1109,3075
Boyacá,La Capilla,2689,1226,902,2300
Boyacá,La Victoria,1118,513,386,956
Boyacá,La Uvita,2999,1813,1115,2872
Boyacá,Villa de Leyva,16139,7457,4844,14406
Boyacá,Macanal,4976,2142,1373,3568
Boyacá,Maripí,5741,2682,1784,5354
Boyacá,Miraflores,8847,3972,3160,8274
Boyacá,Mongua,4636,2305,1421,4300
Boyacá,Monguí,4234,3007,1355,3895
Boyacá,Moniquirá,22572,11667,7328,20848
Boyacá,Motavita,5569,1849,1423,5253
Boyacá,Muzo,8597,2473,2805,8323
Boyacá,Nobsa,15976,5412,4651,14651
Boyacá,Nuevo Colón,5121,2550,1646,5025
Boyacá,Oicatá,2821,1218,934,2797
Boyacá,Otanche,8018,2736,2407,6997
Boyacá,Pachavita,2467,1517,910,2275
Boyacá,Páez,3283,1609,1092,2930
Boyacá,Paipa,33535,14324,10174,31141
Boyacá,Pajarito,2390,889,699,1941
Boyacá,Panqueba,1717,980,549,1644
Boyacá,Pauna,7185,3488,2433,6355
Boyacá,Paya,2593,731,629,2061
Boyacá,Paz de Río,4285,2903,1434,4047
Boyacá,Pesca,6852,3582,2159,6604
Boyacá,Pisba,1763,799,544,1582
Boyacá,Puerto Boyacá,46736,19647,14930,44784
Boyacá,Quípama,4889,2053,1690,4194
Boyacá,Ramiriquí,9887,4715,2729,8889
Boyacá,Ráquira,7877,4856,2499,7312
Boyacá,Rondón,2407,1630,885,2230
Boyacá,Saboyá,13588,6009,3405,11161
Boyacá,Sáchica,5452,2000,1523,4823
Boyacá,Samacá,18298,6624,5019,17542
Boyacá,San Eduardo,1701,704,654,1572
Boyacá,San José de Pare,4988,2118,1672,4658
Boyacá,San Luis de Gaceno,5499,2171,1762,4551
Boyacá,San Mateo,3332,1943,1197,3307
Boyacá,San Miguel de Sema,3009,1362,993,2901
Boyacá,San Pablo de Borbur,6608,2365,2045,5839
Boyacá,Santana,7565,2780,2404,6826
Boyacá,Santa María,3559,1454,1169,3109
Boyacá,Santa Rosa de Viterbo,13066,5152,4052,11329
Boyacá,Santa Sofía,3179,2064,1032,2959
Boyacá,Sativanorte,2221,1766,798,2026
Boyacá,Sativasur,1097,485,385,1048
Boyacá,Siachoque,6729,2968,1942,6649
Boyacá,Soatá,9066,4664,3243,8538
Boyacá,Socotá,7298,4001,2419,7133
Boyacá,Socha,7938,3747,2579,7509
Boyacá,Sogamoso,127235,48412,41453,120462
Boyacá,Somondoco,2910,1489,1036,2377
Boyacá,Sora,3019,1174,927,2586
Boyacá,Sotaquirá,8162,4036,2570,7953
Boyacá,Soracá,5954,2411,1701,5904
Boyacá,Susacón,2717,1766,998,2555
Boyacá,Sutamarchán,6092,3021,1945,5755
Boyacá,Sutatenza,4233,2111,1309,3501
Boyacá,Tasco,5882,3131,1852,5150
Boyacá,Tenza,3851,2932,1372,3461
Boyacá,Tibaná,9051,4855,2813,7966
Boyacá,Tibasosa,12940,5000,3620,11023
Boyacá,Tinjacá,3266,1694,1063,2869
Boyacá,Tipacoque,3323,1447,1160,3154
Boyacá,Toca,8767,3790,2749,8707
Boyacá,Togüí,4335,1940,1379,4224
Boyacá,Tópaga,3617,1656,1172,3531
Boyacá,Tota,5179,2941,1436,4530
Boyacá,Tununguá,1540,623,526,1526
Boyacá,Turmequé,6118,2887,2046,5856
Boyacá,Tuta,8266,3774,2605,8154
Boyacá,Tutazá,2040,1060,592,1794
Boyacá,Umbita,7530,3776,2427,6905
Boyacá,Ventaquemada,15706,5608,4395,13984
Boyacá,Viracachá,2837,2079,941,2582
Boyacá,Zetaquira,4629,2445,1582,4301
Caldas,Manizales,434403,158396,136806,400436
Caldas,Aguadas,22823,8617,6955,20712
Caldas,Anserma,36149,13845,10850,31811
Caldas,Aranzazu,10557,4166,3368,9854
Caldas,Belalcázar,10660,3897,3161,9690
Caldas,Chinchiná,51271,17846,15860,48484
Caldas,Filadelfia,11451,4295,3383,9630
Caldas,La Dorada,71905,28338,23117,70802
Caldas,La Merced,6003,2744,1902,5325
Caldas,Manzanares,17928,7281,5813,16532
Caldas,Marmato,8888,3265,2682,8485
Caldas,Marquetalia,13245,5172,4344,12146
Caldas,Marulanda,2607,1097,746,2081
Caldas,Neira,21024,8590,6434,20495
Caldas,Norcasia,6022,2450,1971,5949
Caldas,Pácora,15325,5772,4631,13214
Caldas,Palestina,15555,6960,4515,13560
Caldas,Pensilvania,19908,9002,6044,17342
Caldas,Riosucio,50775,16970,14481,48329
Caldas,Risaralda,10815,3647,3313,9840
Caldas,Salamina,19467,8197,5847,16759
Caldas,Samaná,20454,8626,6326,17466
Caldas,San José,4835,1881,1516,4524
Caldas,Supía,28642,9997,8379,26571
Caldas,Victoria,10157,3788,2794,8172
Caldas,Villamaría,64652,23093,20373,62831
Caldas,Viterbo,12734,5029,4069,12432
Caquetá,Florencia,168346,63354,51430,156789
Caquetá,Albania,4675,1875,1559,4514
Caquetá,Belén de Los Andaquies,11021,3332,3161,9075
Caquetá,Cartagena del Chairá,30399,10165,8175,27939
Caquetá,Curillo,7593,3042,2449,7518
Caquetá,El Doncello,19294,6955,6129,17775
Caquetá,El Paujil,18036,5095,5848,13014
Caquetá,La Montañita,14714,4318,3748,12128
Caquetá,Milán,9723,2712,2182,7507
Caquetá,Morelia,3698,1257,1233,3350
Caquetá,Puerto Rico,26517,8895,7665,24395
Caquetá,San José del Fragua,12797,4795,3873,11364
Caquetá,San Vicente del Caguán,50719,14486,12230,42390
Caquetá,Solano,11214,3464,2879,10331
Caquetá,Solita,6216,2273,1724,5431
Caquetá,Valparaíso,6887,2348,1881,6082
Cauca,Popayán,318059,109402,96983,277270
Cauca,Almaguer,18449,7068,6632,16523
Cauca,Argelia,26144,8717,7690,20136
Cauca,Balboa,21108,8193,7323,18910
Cauca,Bolívar,38048,15456,13447,35837
Cauca,Buenos Aires,31436,9461,9090,25257
Cauca,Cajibío,42014,12216,10692,32237
Cauca,Caldono,39946,10382,10662,36139
Cauca,Caloto,30181,8559,8923,25416
Cauca,Corinto,25286,9098,7683,21975
Cauca,El Tambo,53891,16847,13812,38688
Cauca,Florencia,5202,1928,1858,5089
Cauca,Guachené ,19671,6135,6576,18513
Cauca,Guapi,27616,7046,6624,24037
Cauca,Inzá,28879,7890,9100,26571
Cauca,Jambaló,17841,3993,5059,16353
Cauca,La Sierra,10749,3603,3704,9935
Cauca,La Vega,24501,7780,7537,19777
Cauca,López,18580,4962,4074,15154
Cauca,Mercaderes,22688,7116,5830,14824
Cauca,Miranda,31360,10360,10160,28662
Cauca,Morales,38838,11238,12282,29737
Cauca,Padilla,9937,3336,3185,8763
Cauca,Paez,45776,9511,11655,37666
Cauca,Patía,36848,11636,11479,28586
Cauca,Piamonte,8811,2815,2681,7125
Cauca,Piendamó,40818,11998,12090,33431
Cauca,Puerto Tejada,41615,13907,12992,40244
Cauca,Puracé,17272,4211,5164,14952
Cauca,Rosas,11475,3855,3487,9336
Cauca,San Sebastián,10948,4204,3902,9806
Cauca,Santander de Quilichao,110445,35751,31191,96032
Cauca,Santa Rosa,5339,1993,1638,5045
Cauca,Silvia,37337,9870,10945,33508
Cauca,Sotara,13939,4574,4588,11958
Cauca,Suárez,31904,9576,7809,19690
Cauca,Sucre,9489,2722,2754,6201
Cauca,Timbío,35479,11607,11265,32217
Cauca,Timbiquí,26100,6974,6054,21618
Cauca,Toribio,35218,8866,10535,30654
Cauca,Totoró,24558,5586,6918,20870
Cauca,Villa Rica,20693,7201,6420,18761
Cesar,Valledupar,490075,141866,127587,459349
Cesar,Aguachica,109621,33398,30355,95878
Cesar,Agustín Codazzi,60768,18440,16993,58621
Cesar,Astrea,20120,5278,5508,18434
Cesar,Becerril,21611,6531,5423,20477
Cesar,Bosconia,40022,11552,10133,37531
Cesar,Chimichagua,34169,9495,8778,30289
Cesar,Chiriguaná,27694,9642,7548,27006
Cesar,Curumaní,37399,11648,10257,34838
Cesar,El Copey,30159,9172,7584,28550
Cesar,El Paso,37531,12314,9518,34620
Cesar,Gamarra,14973,4133,4321,12444
Cesar,González,4379,1413,1231,4053
Cesar,La Gloria,17150,4898,4563,14989
Cesar,La Jagua de Ibirico,46722,14879,12418,37356
Cesar,Manaure,10047,3066,2728,9313
Cesar,Pailitas,18566,6232,5030,16800
Cesar,Pelaya,20683,6643,5611,18497
Cesar,Pueblo Bello,27007,5985,5462,22929
Cesar,Río de Oro,16837,5305,4632,14408
Cesar,La Paz,27759,7914,7590,26109
Cesar,San Alberto,26247,7684,7455,23040
Cesar,San Diego,19022,5666,5430,18531
Cesar,San Martín,26674,6640,6386,20452
Cesar,Tamalameque,15339,4736,4176,14063
Córdoba,Montería,490935,133604,129900,433723
Córdoba,Ayapel,46968,11601,11863,38816
Córdoba,Buenavista,21078,5447,5476,18344
Córdoba,Canalete,15353,4364,3934,14831
Córdoba,Cereté,105815,27315,30448,96252
Córdoba,Chimá,17529,3970,4189,13492
Córdoba,Chinú,47917,13632,12019,42680
Córdoba,Ciénaga de Oro,59086,17163,15403,56278
Córdoba,Cotorra,19041,4506,5221,16215
Córdoba,La Apartada,14866,4217,3930,13742
Córdoba,Lorica,113909,29967,30897,98491
Córdoba,Los Córdobas,18717,5604,5086,15886
Córdoba,Momil,19590,4363,5138,16264
Córdoba,Montelíbano,81641,23098,22917,71824
Córdoba,Moñitos,29833,7547,7519,25095
Córdoba,Planeta Rica,64205,18258,16803,60259
Córdoba,Pueblo Nuevo,35655,7346,8272,26968
Córdoba,Puerto Escondido,23649,6036,5394,19474
Córdoba,Puerto Libertador,41873,13018,11306,35362
Córdoba,Purísima,17206,4360,4329,14705
Córdoba,Sahagún,107636,27866,28609,94020
Córdoba,San Andrés Sotavento,48610,9879,11415,42046
Córdoba,San Antero,33878,9075,9019,29028
Córdoba,San Bernardo del Viento,37007,9229,9018,29437
Córdoba,San Carlos,26954,6730,7212,23532
Córdoba,San José de Uré(1),13345,3078,3315,11059
Córdoba,San Pelayo,51838,11712,14363,40617
Córdoba,Tierralta,92349,24426,22750,86578
Córdoba,Tuchín,52606,8189,10847,40033
Córdoba,Valencia,35694,9901,10023,30545
Cundinamarca,Agua de Dios,11685,5330,4146,10742
Cundinamarca,Albán,6438,3029,2137,6136
Cundinamarca,Anapoima,14519,9074,4586,12241
Cundinamarca,Anolaima,13816,6561,4880,12204
Cundinamarca,Arbeláez,10860,4843,3441,10005
Cundinamarca,Beltrán,1789,875,655,1720
Cundinamarca,Bituima,2467,1298,902,2224
Cundinamarca,Bojacá,9913,3402,3027,9674
Cundinamarca,Cabrera,4722,1601,1442,4512
Cundinamarca,Cachipay,9972,4743,3568,9274
Cundinamarca,Cajicá,82244,28105,26416,81111
Cundinamarca,Caparrapí,12569,5461,4131,10301
Cundinamarca,Caqueza,17099,7351,5501,15594
Cundinamarca,Carmen de Carupa,7580,3813,2425,7345
Cundinamarca,Chaguaní,4182,1614,1315,3323
Cundinamarca,Chía,132181,43193,43642,129613
Cundinamarca,Chipaque,9467,3225,2815,8633
Cundinamarca,Choachí,10961,4833,3567,10397
Cundinamarca,Chocontá,20568,8022,6010,19825
Cundinamarca,Cogua,22067,6926,6588,21102
Cundinamarca,Cota,32691,10472,9855,31868
Cundinamarca,Cucunubá,7626,2624,2083,7013
Cundinamarca,El Colegio,23886,13275,9317,22775
Cundinamarca,El Peñón,4681,2360,1420,3458
Cundinamarca,El Rosal,22065,7179,7376,21887
Cundinamarca,Facatativá,139441,43698,44648,136041
Cundinamarca,Fomeque,11986,4734,3758,10749
Cundinamarca,Fosca,5784,2477,1832,5578
Cundinamarca,Funza,93154,30940,29935,90854
Cundinamarca,Fúquene,4904,2030,1477,4849
Cundinamarca,Fusagasugá,138498,62229,48627,134658
Cundinamarca,Gachala,4436,2067,1600,4378
Cundinamarca,Gachancipá,17026,5995,5401,16633
Cundinamarca,Gachetá,8425,4761,2972,8203
Cundinamarca,Gama,3120,1916,1121,3055
Cundinamarca,Girardot,101018,39729,35119,92903
Cundinamarca,Granada,7179,2608,2210,6922
Cundinamarca,Guachetá,13285,5244,4227,12405
Cundinamarca,Guaduas,30524,11604,9258,27571
Cundinamarca,Guasca,15348,6149,4870,14992
Cundinamarca,Guataquí,2848,828,1035,1977
Cundinamarca,Guatavita,6325,2795,2004,6148
Cundinamarca,Guayabal de Siquima,4444,2074,1385,3604
Cundinamarca,Guayabetal,6232,2341,1986,5809
Cundinamarca,Gutiérrez,3410,1508,1195,3311
Cundinamarca,Jerusalén,2281,1028,981,2025
Cundinamarca,Junín,5823,3306,1879,5234
Cundinamarca,La Calera,29868,12755,9349,28501
Cundinamarca,La Mesa,32694,17819,11302,29452
Cundinamarca,La Palma,9467,4496,3087,7708
Cundinamarca,La Peña,5911,2641,2095,5429
Cundinamarca,La Vega,16986,8041,4551,13085
Cundinamarca,Lenguazaque,10080,3504,2864,9425
Cundinamarca,Macheta,6124,3472,2262,6057
Cundinamarca,Madrid,112254,38770,35557,109696
Cundinamarca,Manta,3737,2631,1359,3354
Cundinamarca,Medina,8014,3599,2731,7281
Cundinamarca,Mosquera,130221,42438,41631,128893
Cundinamarca,Nariño,2333,1348,860,2101
Cundinamarca,Nemocón,13171,4416,4048,12198
Cundinamarca,Nilo,10819,4019,2840,10555
Cundinamarca,Nimaima,3589,1662,1324,3086
Cundinamarca,Nocaima,6092,2802,2015,5211
Cundinamarca,Venecia,4218,1932,1521,4130
Cundinamarca,Pacho,24413,11430,8859,23726
Cundinamarca,Paime,4186,1642,1420,3865
Cundinamarca,Pandi,4973,2457,1737,4735
Cundinamarca,Paratebueno,8328,3298,2637,8043
Cundinamarca,Pasca,9105,3469,2870,8686
Cundinamarca,Puerto Salgar,15453,5867,4981,15019
Cundinamarca,Pulí,3327,1434,984,2525
Cundinamarca,Quebradanegra,4724,2274,1656,4453
Cundinamarca,Quetame,5072,2327,1656,4929
Cundinamarca,Quipile,6291,3272,2430,6114
Cundinamarca,Apulo,8192,4170,2873,7533
Cundinamarca,Ricaurte,12881,16169,4657,10788
Cundinamarca,San Antonio del Tequendama,11870,5658,3962,10214
Cundinamarca,San Bernardo,8487,3343,2671,7417
Cundinamarca,San Cayetano,4846,1810,1474,4043
Cundinamarca,San Francisco,10755,5452,3513,9644
Cundinamarca,San Juan de Río Seco,8181,3764,2806,7547
Cundinamarca,Sasaima,10711,4799,3688,9807
Cundinamarca,Sesquilé,11423,4424,3442,11067
Cundinamarca,Sibaté,33491,11729,10819,32803
Cundinamarca,Silvania,21625,10444,7434,20581
Cundinamarca,Simijaca,12847,4506,3914,11526
Cundinamarca,Soacha,660179,234654,210423,645205
Cundinamarca,Sopó,25782,8652,7834,24838
Cundinamarca,Subachoque,15690,6202,4839,14874
Cundinamarca,Suesca,17021,7437,5735,15401
Cundinamarca,Supatá,5203,2585,1832,4726
Cundinamarca,Susa,6454,2970,1958,6073
Cundinamarca,Sutatausa,5887,2496,1648,5258
Cundinamarca,Tabio,21665,7748,6528,20602
Cundinamarca,Tausa,8067,2861,2073,6735
Cundinamarca,Tena,9567,4525,3076,8072
Cundinamarca,Tenjo,21935,6899,7147,20386
Cundinamarca,Tibacuy,4335,2199,1755,3944
Cundinamarca,Tibirita,3158,1943,1007,2439
Cundinamarca,Tocaima,15735,8894,6200,13649
Cundinamarca,Tocancipá,39996,12542,12964,39416
Cundinamarca,Topaipí,4139,1833,1465,3537
Cundinamarca,Ubalá,7717,3888,2439,7583
Cundinamarca,Ubaque,6727,3394,2287,6390
Cundinamarca,Villa de San Diego de Ubate,42558,14393,12352,40001
Cundinamarca,Une,6945,2751,2304,6902
Cundinamarca,Útica,4246,2005,1648,4032
Cundinamarca,Vergara,6847,2881,2289,6063
Cundinamarca,Vianí,4339,1767,1460,3806
Cundinamarca,Villagómez,1758,927,628,1712
Cundinamarca,Villapinzón,17187,6032,4665,15834
Cundinamarca,Villeta,26873,12583,9397,25957
Cundinamarca,Viotá,13234,6218,4716,12589
Cundinamarca,Yacopí,12322,5250,3983,10887
Cundinamarca,Zipacón,4659,1826,1560,4211
Cundinamarca,Zipaquirá,130537,46309,40730,129652
Chocó,Quibdó,129237,43775,36380,120679
Chocó,Acandí,13999,5098,3921,12095
Chocó,Alto Baudo,27584,5382,5349,23954
Chocó,Atrato,6063,2135,1749,5519
Chocó,Bagadó,11011,3195,2933,10583
Chocó,Bahía Solano,10123,2918,2591,9417
Chocó,Bajo Baudó,29957,4576,4492,18561
Chocó,Bojaya,12073,3112,3033,11933
Chocó,El Cantón del San Pablo,6116,2443,1774,5663
Chocó,Carmen del Darien,18433,4018,3825,13189
Chocó,Cértegui,5635,2280,1646,4683
Chocó,Condoto,12663,4869,3853,12251
Chocó,El Carmen de Atrato,8193,2624,2433,7900
Chocó,El Litoral del San Juan,21669,3003,2870,11579
Chocó,Istmina,30742,11340,8272,28087
Chocó,Juradó,6685,1102,1039,4108
Chocó,Lloró,9786,2875,2444,8928
Chocó,Medio Atrato,10672,3171,3003,10140
Chocó,Medio Baudó,15109,4007,3739,13423
Chocó,Medio San Juan,10579,3410,2822,9073
Chocó,Nóvita,9153,3124,2707,8164
Chocó,Nuquí,16223,876,864,3456
Chocó,Río Iro,5467,1606,1376,4525
Chocó,Río Quito,8236,2661,2149,7974
Chocó,Riosucio,53449,14596,14795,48257
Chocó,San José del Palmar,5114,2091,1536,4721
Chocó,Sipí,3174,982,864,2768
Chocó,Tadó,18011,6218,5446,17000
Chocó,Unguía,12854,4650,3741,12192
Chocó,Unión Panamericana,6816,2641,2041,6590
Huila,Neiva,357392,127908,101646,314526
Huila,Acevedo,24774,9215,7274,24562
Huila,Agrado,8800,3290,2540,8593
Huila,Aipe,16163,5817,4604,14817
Huila,Algeciras,22481,8028,6700,20259
Huila,Altamira,4275,1596,1374,4169
Huila,Baraya,8338,2573,2224,6679
Huila,Campoalegre,31087,11312,10011,30183
Huila,Colombia,7285,3060,2237,7040
Huila,Elías,4211,1506,1240,3736
Huila,Garzón,72382,25270,20978,66311
Huila,Gigante,24583,9463,7231,22871
Huila,Guadalupe,17890,6146,4755,15913
Huila,Hobo,7286,2963,2289,6700
Huila,Iquira,9248,3920,2694,9064
Huila,Isnos,25186,8873,7940,24593
Huila,La Argentina,12866,5286,3919,12475
Huila,La Plata,61026,18214,17536,54405
Huila,Nátaga,6469,2375,1968,6168
Huila,Oporapa,11629,3747,3064,11111
Huila,Paicol,6583,2408,1993,6424
Huila,Palermo,26279,10498,7946,24243
Huila,Palestina,11159,3365,2992,10454
Huila,Pital,13787,4761,3700,12246
Huila,Pitalito,124359,44709,36157,120287
Huila,Rivera,24312,8444,6759,22877
Huila,Saladoblanco,10444,3641,2922,10076
Huila,San Agustín,33028,11513,10475,32409
Huila,Santa María,10405,4326,3130,10215
Huila,Suaza,21853,7010,6143,17376
Huila,Tarqui,17440,6191,5001,16108
Huila,Tesalia,10697,3469,3128,9767
Huila,Tello,11800,4455,3099,10273
Huila,Teruel,8052,2783,2352,7376
Huila,Timaná,21799,7428,6905,20919
Huila,Villavieja,7288,2778,2480,6943
Huila,Yaguará,7730,3094,2344,7380
La Guajira,Riohacha,188014,53673,50742,177573
La Guajira,Albania,29148,7332,7576,26940
La Guajira,Barrancas,35743,8423,7781,28549
La Guajira,Dibulla,37740,9577,9055,36196
La Guajira,Distracción,13016,3805,3376,11934
La Guajira,El Molino,7185,2431,1958,6963
La Guajira,Fonseca,42772,12395,11302,40852
La Guajira,Hatonuevo,20044,5593,5243,17672
La Guajira,La Jagua del Pilar,3498,870,897,2952
La Guajira,Maicao,170582,48148,44257,159223
La Guajira,Manaure,83072,20550,20012,74528
La Guajira,San Juan del Cesar,46953,15440,13377,46077
La Guajira,Uribia,163462,41496,41153,160711
La Guajira,Urumita,10985,2917,3003,10198
La Guajira,Villanueva,28346,6884,7635,24996
Magdalena,Santa Marta,499192,174942,133127,479853
Magdalena,Algarrobo,15511,3846,3785,14294
Magdalena,Aracataca,39857,9669,10199,37476
Magdalena,Ariguaní,30218,8560,7730,28348
Magdalena,Cerro San Antonio,9890,2350,2574,9225
Magdalena,Chivolo,21862,5466,5407,18208
Magdalena,Ciénaga,120071,32169,29521,118435
Magdalena,Concordia,10505,3131,2850,9681
Magdalena,El Banco,65457,16639,17164,59594
Magdalena,El Piñon,22530,4975,5301,17308
Magdalena,El Retén,19697,5121,4467,19345
Magdalena,Fundación,66433,19116,16472,64833
Magdalena,Guamal,26620,7067,6314,25312
Magdalena,Nueva Granada,19663,5038,4587,17470
Magdalena,Pedraza,9196,2450,2177,7569
Magdalena,Pijiño del Carmen,12093,3524,3073,11071
Magdalena,Pivijay,37341,11382,9473,34374
Magdalena,Plato,61766,15533,16141,56210
Magdalena,Puebloviejo,29824,5689,7631,26419
Magdalena,Remolino,11445,2906,2944,9555
Magdalena,Sabanas de San Angel,15644,4274,3404,14060
Magdalena,Salamina,10733,2989,2858,9360
Magdalena,San Sebastián de Buenavista,19523,5493,4840,18865
Magdalena,San Zenón,11681,3072,2908,11279
Magdalena,Santa Ana,25438,6751,6635,22723
Magdalena,Santa Bárbara de Pinto,10575,3296,2640,9345
Magdalena,Sitionuevo,27128,6343,6783,25804
Magdalena,Tenerife,13236,3928,3583,12364
Magdalena,Zapayán,9895,2435,2346,8606
Magdalena,Zona Bananera,68722,16887,16856,66802
Meta,Villavicencio,531275,187419,150681,451212
Meta,Acacías,88023,28518,24858,78199
Meta,Barranca de Upía,6440,2215,1842,5946
Meta,Cabuyaro,6062,2199,1749,5432
Meta,Castilla la Nueva,14300,4469,4228,13611
Meta,Cubarral,6963,3155,2441,6377
Meta,Cumaral,22831,7944,7666,21397
Meta,El Calvario,1776,804,537,1575
Meta,El Castillo,7977,3113,2448,7397
Meta,El Dorado,3888,1656,1312,3699
Meta,Fuente de Oro,12129,4790,3839,11599
Meta,Granada,68876,29076,22159,64932
Meta,Guamal,14119,5121,4531,13857
Meta,Mapiripán,7007,2008,1891,6036
Meta,Mesetas,11159,4443,3558,9751
Meta,La Macarena,26890,9091,7256,23877
Meta,Uribe,9284,3062,2606,8549
Meta,Lejanías,11463,3896,3651,10576
Meta,Puerto Concordia,8390,3248,2844,8086
Meta,Puerto Gaitán,41513,12897,11234,41017
Meta,Puerto López,30399,11246,9203,28270
Meta,Puerto Lleras,10423,4128,3200,8982
Meta,Puerto Rico,13061,5259,4091,11433
Meta,Restrepo,18268,7987,5740,17610
Meta,San Carlos de Guaroa,12296,4364,3596,11512
Meta,San Juan de Arama,9118,3415,3075,8242
Meta,San Juanito,1307,453,362,1149
Meta,San Martín,26707,9020,8044,22281
Meta,Vistahermosa,17778,7428,5602,16525
Nariño,Pasto,392930,130789,113732,352326
Nariño,Albán,9642,2540,3389,8197
Nariño,Aldana,7392,2164,2388,6872
Nariño,Ancuyá,8801,2694,3343,7481
Nariño,Arboleda,8443,2672,2337,7626
Nariño,Barbacoas,55633,9884,9786,34248
Nariño,Belén,6322,1616,2167,5968
Nariño,Buesaco,23908,8876,7565,19951
Nariño,Colón,8526,2800,2821,7764
Nariño,Consaca,13784,3892,4169,10117
Nariño,Contadero,7270,2389,2314,6421
Nariño,Córdoba,15516,5266,5172,14827
Nariño,Cuaspud,9201,2910,2925,8975
Nariño,Cumbal,36864,11881,10817,32672
Nariño,Cumbitara,5948,2371,1850,5096
Nariño,Chachagüí,15354,7122,3955,12419
Nariño,El Charco,22505,5872,5794,21071
Nariño,El Peñol,7446,2414,2338,6223
Nariño,El Rosario,12280,2916,3013,6498
Nariño,El Tablón de Gómez,14342,5242,4946,13255
Nariño,El Tambo,14283,5374,4915,12457
Nariño,Funes,7222,2643,2600,6211
Nariño,Guachucal,19450,6327,6583,18845
Nariño,Guaitarilla,11582,4427,4294,10774
Nariño,Gualmatán,7057,2243,2299,6290
Nariño,Iles,7662,3131,2684,7112
Nariño,Imués,7657,3456,2407,6351
Nariño,Ipiales,116136,36627,33706,105517
Nariño,La Cruz,18754,6013,6226,16674
Nariño,La Florida,10104,4499,3470,9047
Nariño,La Llanada,6492,2454,2271,5321
Nariño,La Tola,7411,1764,1522,5847
Nariño,La Unión,31858,9050,10569,28659
Nariño,Leiva,9768,3130,3393,8201
Nariño,Linares,10236,3705,3538,8974
Nariño,Los Andes,9547,3246,3082,8703
Nariño,Magüi,24705,4206,3847,18262
Nariño,Mallama,8976,2928,2781,8013
Nariño,Mosquera,11984,2946,2921,10206
Nariño,Nariño,4364,1383,1450,4007
Nariño,Olaya Herrera,25358,6340,6055,21415
Nariño,Ospina,7105,2593,2502,6488
Nariño,Francisco Pizarro,14193,2440,2265,7430
Nariño,Policarpa,9897,3214,3005,8149
Nariño,Potosí,10414,3466,3363,10186
Nariño,Providencia,5572,2209,2133,4619
Nariño,Puerres,8581,4066,3143,8446
Nariño,Pupiales,17491,5758,5366,16431
Nariño,Ricaurte,19631,5882,5672,18067
Nariño,Roberto Payán,12667,3238,3038,10473
Nariño,Samaniego,29414,9581,10424,23727
Nariño,Sandoná,20773,7082,7028,18859
Nariño,San Bernardo,9202,2535,3167,8874
Nariño,San Lorenzo,18473,5607,5888,16653
Nariño,San Pablo,15389,4388,4646,12929
Nariño,San Pedro de Cartago,6843,2037,2238,6572
Nariño,Santa Bárbara,13427,2770,2777,8989
Nariño,Santacruz,10796,3620,3548,9869
Nariño,Sapuyes,7346,2136,2320,7041
Nariño,Taminango,17854,6589,5566,15412
Nariño,Tangua,13507,3834,3372,10331
Nariño,San Andrés de Tumaco,253637,47491,44804,138091
Nariño,Túquerres,44729,14563,13985,42413
Nariño,Yacuanquer,10938,3600,3591,10579
Norte de Santander,Cúcuta,711715,231878,185450,629414
Norte de Santander,Abrego,31786,9430,8455,30191
Norte de Santander,Arboledas,9605,3024,2396,8202
Norte de Santander,Bochalema,8105,2968,2147,6972
Norte de Santander,Bucarasica,6248,1559,1264,4698
Norte de Santander,Cácota,2781,1103,836,2733
Norte de Santander,Cachirá,10995,3195,2571,8642
Norte de Santander,Chinácota,17263,7318,5261,16021
Norte de Santander,Chitagá,11564,3603,2925,10554
Norte de Santander,Convención,18463,6027,5181,18112
Norte de Santander,Cucutilla,8095,2907,2328,7648
Norte de Santander,Durania,4541,1521,1322,4390
Norte de Santander,El Carmen,13144,4527,3630,12001
Norte de Santander,El Tarra,20093,6486,5510,19075
Norte de Santander,El Zulia,26700,9124,7743,26019
Norte de Santander,Gramalote,7295,2310,1937,6408
Norte de Santander,Hacarí,9998,2870,2624,9745
Norte de Santander,Herrán,6755,1086,1363,4702
Norte de Santander,Labateca,6268,2255,1718,5550
Norte de Santander,La Esperanza,11358,3728,3111,11040
Norte de Santander,La Playa,7582,2424,1954,7237
Norte de Santander,Los Patios,89091,28589,24249,81411
Norte de Santander,Lourdes,3954,1249,1021,3609
Norte de Santander,Mutiscua,4163,1444,1222,3891
Norte de Santander,Ocaña,118273,38243,33197,111643
Norte de Santander,Pamplona,50025,16713,14368,45521
Norte de Santander,Pamplonita,5402,1784,1513,4944
Norte de Santander,Puerto Santander,8502,2089,2398,8139
Norte de Santander,Ragonvalia,5899,1680,1497,5420
Norte de Santander,Salazar,10205,3496,2546,8768
Norte de Santander,San Calixto,12011,3298,2901,9961
Norte de Santander,San Cayetano,6978,2381,2054,6677
Norte de Santander,Santiago,3361,1087,925,3087
Norte de Santander,Sardinata,25142,7298,6281,21243
Norte de Santander,Silos,6162,2228,1680,5713
Norte de Santander,Teorama,16193,4151,3919,12727
Norte de Santander,Tibú,53586,16572,14750,51399
Norte de Santander,Toledo,15440,5220,4507,14962
Norte de Santander,Villa Caro,4996,1511,1251,4602
Norte de Santander,Villa del Rosario,101952,31418,28295,93735
Quindío,Armenia,295208,112337,95459,275641
Quindío,Buenavista,3095,1127,916,2741
Quindío,Calarca,72783,26102,24053,70662
Quindío,Circasia,28162,10084,9024,27135
Quindío,Córdoba,5642,2078,1950,5535
Quindío,Filandia,12066,4958,4015,11345
Quindío,Génova,7516,2747,2421,7121
Quindío,La Tebaida,33451,10805,10282,32564
Quindío,Montenegro,36751,12590,11715,35324
Quindío,Pijao,5219,1968,1612,4877
Quindío,Quimbaya,30751,11188,9888,29117
Quindío,Salento,9260,3323,2896,7578
Risaralda,Pereira,467269,173459,138945,409670
Risaralda,Apía,12406,5117,3572,10707
Risaralda,Balboa,6423,2119,1591,5009
Risaralda,Belén de Umbría,24690,9532,6976,21450
Risaralda,Dosquebradas,217178,77387,64576,194890
Risaralda,Guática,12158,4581,4026,11532
Risaralda,La Celia,7514,2864,2121,6178
Risaralda,La Virginia,27923,9994,8786,25900
Risaralda,Marsella,16940,6267,5327,15455
Risaralda,Mistrató,16950,5170,4381,16203
Risaralda,Pueblo Rico,16156,4651,3758,14429
Risaralda,Quinchía,27292,9282,7585,25213
Risaralda,Santa Rosa de Cabal,77838,27307,22355,71174
Risaralda,Santuario,12664,4465,3933,11787
Santander,Bucaramanga,581130,189442,175107,528855
Santander,Aguada,1855,875,581,1662
Santander,Albania,4129,2007,1231,3317
Santander,Aratoca,8229,3131,2423,7913
Santander,Barbosa,31050,12230,9719,28769
Santander,Barichara,10486,3802,2556,7647
Santander,Barrancabermeja,203537,74984,61967,199564
Santander,Betulia,5941,2204,1655,5230
Santander,Bolívar,11287,4383,3170,9567
Santander,Cabrera,1937,638,514,1621
Santander,California,2130,663,587,1832
Santander,Capitanejo,5505,2383,1910,5328
Santander,Carcasí,4292,1899,1304,4130
Santander,Cepitá,2015,909,590,1869
Santander,Cerrito,6729,2328,2017,6460
Santander,Charalá,12270,5170,3752,11035
Santander,Charta,2888,1529,938,2824
Santander,Chima,2875,1251,853,2364
Santander,Chipatá,5075,2220,1568,4341
Santander,Cimitarra,32947,13474,8277,25782
Santander,Concepción,5738,2215,1924,5300
Santander,Confines,3159,1066,868,2915
Santander,Contratación,3679,1674,1285,3296
Santander,Coromoro,5015,2816,1639,4816
Santander,Curití,12717,4660,3476,11653
Santander,El Carmen de Chucurí,20916,6878,6349,17638
Santander,El Guacamayo,2167,811,678,1643
Santander,El Peñón,5279,2358,1208,4097
Santander,El Playón,13713,4895,3865,12966
Santander,Encino,2552,1218,757,2334
Santander,Enciso,3461,1464,1085,3394
Santander,Florián,5562,2620,1559,4603
Santander,Floridablanca,291935,94928,85219,275109
Santander,Galán,2886,1464,884,2682
Santander,Gambita,4021,2344,1313,3529
Santander,Girón,160403,50815,45964,150610
Santander,Guaca,5916,2451,1751,5762
Santander,Guadalupe,4511,1949,1370,3880
Santander,Guapotá,2375,934,709,2052
Santander,Guavatá,4230,1812,1448,3751
Santander,Güepsa,5114,1765,1686,4405
Santander,Hato,2328,874,795,2120
Santander,Jesús María,3342,1754,1168,2991
Santander,Jordán,1314,398,330,1163
Santander,La Belleza,6198,2780,1857,5505
Santander,Landázuri,10384,4465,3207,9238
Santander,La Paz,4953,1863,1451,3989
Santander,Lebríja,41835,12409,12460,37214
Santander,Los Santos,14106,5942,3737,12433
Santander,Macaravita,2171,1028,756,2130
Santander,Málaga,20945,7861,6353,19884
Santander,Matanza,4976,2307,1495,4499
Santander,Mogotes,10527,4290,3055,10165
Santander,Molagavita,4137,1791,1255,3915
Santander,Ocamonte,5661,1926,1477,4537
Santander,Oiba,10800,4583,3405,10117
Santander,Onzaga,4183,2607,1450,3955
Santander,Palmar,1361,550,415,1253
Santander,Palmas del Socorro,2535,1103,806,2467
Santander,Páramo,4654,1455,1273,4144
Santander,Piedecuesta,170625,58268,47974,157425
Santander,Pinchote,5162,2349,1605,4508
Santander,Puente Nacional,14654,7092,4525,12586
Santander,Puerto Parra,7640,2991,2265,6861
Santander,Puerto Wilches,32791,12279,9564,31698
Santander,Rionegro,26438,9778,8090,25266
Santander,Sabana de Torres,33055,11974,8820,27845
Santander,San Andrés,8683,3957,2719,8035
Santander,San Benito,2950,1150,941,2706
Santander,San Gil,56037,21346,18500,54687
Santander,San Joaquín,2241,1264,749,2167
Santander,San José de Miranda,4367,1964,1282,4153
Santander,San Miguel,2531,1157,813,2433
Santander,San Vicente de Chucurí,33133,13320,10416,29427
Santander,Santa Bárbara,2401,964,745,2239
Santander,Santa Helena del Opón,3389,1669,1103,3166
Santander,Simacota,10042,3352,2490,7842
Santander,Socorro,32158,11417,9316,29997
Santander,Suaita,10031,4845,3295,8771
Santander,Sucre,7202,2713,2000,6044
Santander,Suratá,3975,1649,1118,3520
Santander,Tona,7373,3096,2117,6680
Santander,Valle de San José,6084,2071,1789,5648
Santander,Vélez,24356,8955,6814,19376
Santander,Vetas,2114,704,577,1762
Santander,Villanueva,7873,2798,2140,6738
Santander,Zapatoca,9466,3816,2889,8997
Sucre,Sincelejo,277773,85288,75407,274622
Sucre,Buenavista,10441,2975,2666,10007
Sucre,Caimito,15231,3567,3812,13331
Sucre,Coloso,8623,2410,2307,7803
Sucre,Corozal,67371,19950,18717,66350
Sucre,Coveñas,18250,7543,4820,17091
Sucre,Chalán,4466,1275,1156,4425
Sucre,El Roble,9944,3108,2688,9786
Sucre,Galeras,21982,5907,6017,20239
Sucre,Guaranda,17713,4600,4249,15618
Sucre,La Unión,12349,3238,3232,11510
Sucre,Los Palmitos,22880,7258,6450,21831
Sucre,Majagual,36650,10227,9197,32622
Sucre,Morroa,15061,4624,3932,14793
Sucre,Ovejas,22871,7504,6426,22384
Sucre,Palmito,14114,3447,3461,12534
Sucre,Sampués,46455,11746,11402,44617
Sucre,San Benito Abad,28673,8869,7439,25511
Sucre,San Juan de Betulia,13535,3949,3736,13437
Sucre,San Marcos,57672,15636,14906,53340
Sucre,San Onofre,49633,15662,12506,47952
Sucre,San Pedro,18590,5398,5093,18029
Sucre,San Luis de Sincé,30773,9263,8629,30188
Sucre,Sucre,29552,7855,7520,23971
Sucre,Santiago de Tolú,32922,10501,8934,32012
Sucre,Tolú Viejo,21339,6379,5366,20033
Tolima,Ibagué,529635,199346,174421,500686
Tolima,Alpujarra,4544,2320,1559,4091
Tolima,Alvarado,8697,3068,2288,6712
Tolima,Ambalema,6657,3197,2437,6524
Tolima,Anzoátegui,10217,3160,2304,7658
Tolima,Armero,12696,4971,4140,11440
Tolima,Ataco,19330,7681,5646,18237
Tolima,Cajamarca,18471,6017,5545,17309
Tolima,Carmen de Apicalá,10117,6000,3497,9643
Tolima,Casabianca,6373,2415,1930,5496
Tolima,Chaparral,50367,19015,15012,43795
Tolima,Coello,8248,3294,2649,7495
Tolima,Coyaima,22813,8919,6716,18999
Tolima,Cunday,8745,4122,2904,7762
Tolima,Dolores,8359,3555,3139,7274
Tolima,Espinal,70494,23976,22643,67983
Tolima,Falan,7693,2993,2230,6612
Tolima,Flandes,28389,17214,9184,27334
Tolima,Fresno,31069,10839,10150,28920
Tolima,Guamo,32940,13238,10981,30516
Tolima,Herveo,7363,2997,2163,6368
Tolima,Honda,24693,9934,8137,23616
Tolima,Icononzo,11887,4821,3695,10057
Tolima,Lérida,18574,7241,5788,17084
Tolima,Líbano,36773,14051,11468,33262
Tolima,Mariquita,37770,14603,11790,34505
Tolima,Melgar,36536,21383,13352,34136
Tolima,Murillo,4113,1475,1112,3389
Tolima,Natagaima,14835,6275,4835,14292
Tolima,Ortega,34607,10959,9804,29665
Tolima,Palocabildo,9730,3332,2938,9210
Tolima,Piedras,6711,2417,2136,5574
Tolima,Planadas,25764,7557,6329,21557
Tolima,Prado,8498,3715,2706,7893
Tolima,Purificación,23536,8909,7559,22682
Tolima,Rioblanco,22771,7284,5670,19090
Tolima,Roncesvalles,5459,2129,1737,5161
Tolima,Rovira,21674,7823,6567,20220
Tolima,Saldaña,14435,5389,4641,14099
Tolima,San Antonio,12896,4681,3569,11514
Tolima,San Luis,13553,5557,4307,12139
Tolima,Santa Isabel,5769,1966,1691,5128
Tolima,Suárez,3813,1548,1281,3446
Tolima,Valle de San Juan,5345,2351,1825,4502
Tolima,Venadillo,12817,4551,4011,12137
Tolima,Villahermosa,9283,3716,2950,8530
Tolima,Villarrica,5128,2571,1917,5021
Valle del Cauca,Cali,2227642,690275,611876,1822869
Valle del Cauca,Alcalá,14062,5496,4229,12186
Valle del Cauca,Andalucía,22436,7710,6977,18132
Valle del Cauca,Ansermanuevo,17448,7452,5655,15668
Valle del Cauca,Argelia,5397,2109,1750,5008
Valle del Cauca,Bolívar,16021,6012,4754,13954
Valle del Cauca,Buenaventura,308188,94656,74299,258445
Valle del Cauca,Guadalajara de Buga,127545,40672,39317,115821
Valle del Cauca,Bugalagrande,24318,8060,7245,22052
Valle del Cauca,Caicedonia,28825,9822,9617,26357
Valle del Cauca,Calima,18054,8373,5639,16054
Valle del Cauca,Candelaria,91825,26221,25871,84661
Valle del Cauca,Cartago,135729,45065,40753,118803
Valle del Cauca,Dagua,48443,21504,14231,39665
Valle del Cauca,El Águila,8909,3607,2472,7393
Valle del Cauca,El Cairo,6845,3262,2145,6179
Valle del Cauca,El Cerrito,56470,19717,17648,53983
Valle del Cauca,El Dovio,8886,3349,2914,8513
Valle del Cauca,Florida,57374,19006,17227,54207
Valle del Cauca,Ginebra,22741,7122,6570,19069
Valle del Cauca,Guacarí,33191,10994,10266,30275
Valle del Cauca,Jamundí,159877,55322,41733,131806
Valle del Cauca,La Cumbre,16316,8695,4752,12879
Valle del Cauca,La Unión,33953,11588,10402,29388
Valle del Cauca,La Victoria,12174,4642,3997,11058
Valle del Cauca,Obando,12312,4327,3869,10970
Valle del Cauca,Palmira,349294,115355,105387,302642
Valle del Cauca,Pradera,47615,14658,13780,43552
Valle del Cauca,Restrepo,15307,5316,4399,12816
Valle del Cauca,Riofrío,15554,5648,5206,14045
Valle del Cauca,Roldanillo,36797,12937,10536,31658
Valle del Cauca,San Pedro,16942,5469,4864,15450
Valle del Cauca,Sevilla,42133,14914,13145,36827
Valle del Cauca,Toro,14612,5016,4167,12091
Valle del Cauca,Trujillo,19226,6233,5457,16688
Valle del Cauca,Tuluá,212685,70421,66328,187159
Valle del Cauca,Ulloa,5465,1853,1638,4844
Valle del Cauca,Versalles,7263,3011,2238,6233
Valle del Cauca,Vijes,12734,4780,3532,10766
Valle del Cauca,Yotoco,16019,5991,5194,15325
Valle del Cauca,Yumbo,107334,37086,31677,95040
Valle del Cauca,Zarzal,41925,15417,13283,39343
Arauca,Arauca,85585,26614,22772,75735
Arauca,Arauquita,49841,15736,13882,45268
Arauca,Cravo Norte,3925,1428,1171,3644
Arauca,Fortul,18938,6639,5405,17492
Arauca,Puerto Rondón,4399,1656,1298,4169
Arauca,Saravena,55554,20381,18273,52884
Arauca,Tame,43932,15206,12460,40311
Casanare,Yopal,168433,62720,53102,156942
Casanare,Aguazul,36915,14233,12119,33440
Casanare,Chameza,2500,905,734,2009
Casanare,Hato Corozal,12328,4298,3263,11431
Casanare,La Salina,1417,484,398,1227
Casanare,Maní,17211,5088,4499,13291
Casanare,Monterrey,17537,6875,5483,14828
Casanare,Nunchía,8826,2942,2651,8469
Casanare,Orocué,12340,2752,2409,8142
Casanare,Paz de Ariporo,36277,12292,10925,34446
Casanare,Pore,11967,3926,3739,10675
Casanare,Recetor,1634,603,492,1247
Casanare,Sabanalarga,3625,1514,1160,3046
Casanare,Sácama,2090,690,612,1675
Casanare,San Luis de Palenque,8466,2622,2266,7537
Casanare,Támara,6873,3057,2065,6317
Casanare,Tauramena,23527,7853,6838,21709
Casanare,Trinidad,13233,3905,3618,11734
Casanare,Villanueva,35305,12024,11757,31727
Putumayo,Mocoa,56398,18576,18556,48422
Putumayo,Colón,5407,2029,2012,5204
Putumayo,Orito,37745,14592,13568,33003
Putumayo,Puerto Asís,64867,23383,20532,57255
Putumayo,Puerto Caicedo,16095,4336,5239,11122
Putumayo,Puerto Guzmán,35390,6275,5959,17495
Putumayo,Leguízamo,28468,6274,6665,20045
Putumayo,Sibundoy,14940,5197,5299,14104
Putumayo,San Francisco,5645,2141,2085,5572
Putumayo,San Miguel,18780,5668,5264,14054
Putumayo,Santiago,7290,2748,2586,6836
Putumayo,Valle del Guamuez,33457,11600,11643,27455
Putumayo,Villagarzón,23700,8034,7645,22630
Archipiélago de San Andrés,San Andrés,55291,16405,14672,43754
Archipiélago de San Andrés,Providencia,5989,2005,1682,4545
Amazonas,Leticia,48144,11611,11294,42844
Amazonas,El Encanto (ANM),2100,425,413,1885
Amazonas,La Chorrera (ANM),2967,689,448,2357
Amazonas,La Pedrera (ANM),3820,826,745,3781
Amazonas,La Victoria (ANM),644,43,40,166
Amazonas,Miriti - Paraná (ANM),1850,179,179,1023
Amazonas,Puerto Alegría (ANM),748,182,167,681
Amazonas,Puerto Arica (ANM),1013,254,214,794
Amazonas,Puerto Nariño,9744,1578,1796,7896
Amazonas,Puerto Santander (ANM),1758,374,301,1450
Amazonas,Tarapacá (ANM),3801,750,693,3179
Guainía,Inírida,31514,8835,7671,30104
Guainía,Barranco Minas (ANM),8088,1143,1019,7207
Guainía,Mapiripana (ANM),1022,180,134,1011
Guainía,San Felipe (ANM),1667,279,274,1411
Guainía,Puerto Colombia (ANM),1874,328,313,1643
Guainía,La Guadalupe (ANM),279,42,41,222
Guainía,Cacahual (ANM),863,182,132,839
Guainía,Pana Pana (ANM),1899,241,237,1182
Guainía,Morichal (ANM),908,174,132,812
Guaviare,San José del Guaviare,52815,18959,15050,48086
Guaviare,Calamar,9528,3375,2773,8648
Guaviare,El Retorno,13653,4405,3388,11340
Guaviare,Miraflores,6771,1920,1606,5007
Vaupés,Mitú,29850,5565,5280,27709
Vaupés,Caruru,2915,535,537,2827
Vaupés,Pacoa (ANM),4042,624,596,3956
Vaupés,Taraira,2215,402,411,2010
Vaupés,Papunaua (ANM),727,121,103,432
Vaupés,Yavaraté (ANM),1048,93,93,756
Vichada,Puerto Carreño,20936,6866,5816,19788
Vichada,La Primavera,10122,3326,2739,9690
Vichada,Santa Rosalía,4059,1130,1074,4026
Vichada,Cumaribo,72691,9476,9533,43138
