Neighborhood,Address
Libertadores,CARRERA 7 CALLE 30
Congo,CARRERA 10 CALLE 30
El Progreso,CARRERA 8 CALLE 35
Las Palmas,CARRERA 8 CALLE 30
Guayabal,CARRERA 9 CALLE 28
La Cruz,CARRERA 9 CALLE 37
La Plazuela,CARRERA 9 CALLE 37
Popular,CARRERA 8 CALLE 25
Renán Barco,CARRERA 9 CALLE 21
Villa Carmenza,CARRERA 9 CALLE 15
La Estrella,CARRERA 8 CALLE 19
Los Álamos / Alamos,CARRERA 5 CALLE 38B
Codemas,CARRERA 9 CALLE 39
La Moravia / Morabia,CARRERA 8 CALLE 38
La Julia,CARRERA 9 CALLE 15
La Vega I,
La Vega II,
Los Colores,
San Lorenzo,
Torres de la Vega,
El Lago,CARRERA 10 CALLE 35
Las Galerias,CARRERA 8 CALLE 33
Centro,CARRERA 7 CALLE 33
Matadero,CARRERA 10 CALLE 34
La Pista,CARRERA 6 CALLE 35
